{
	"ui_calculations_only" : 0,
	"system_use_lifetime_output" : 0,
	"geotherm_cost_inj_prod_well_ratio" : 0.75,
	"drilling_success_rate" : 76,
	"stim_success_rate" : 0,
	"failed_prod_flow_ratio" : 0.29999999999999999,
	"file_name" : "./USA AZ Phoenix Sky Harbor Intl Ap (TMY3).csv",
    "resource_potential" : 210,
	"resource_type" : 0,
	"resource_temp" : 200,
	"resource_depth" : 2000,
	"geothermal_analysis_period" : 25,
	"model_choice" : 0,
	"reservoir_model_inputs" : [ [ 0,  20,  100 ], [ 100, 85.664100000000005,  133.702 ], [ 200, 109.23099999999999,  145.774 ], [ 300, 125.79300000000001,  153.17599999999999 ], [ 400, 138.49600000000001,  158.363 ], [ 500, 148.65600000000001,  162.25800000000001 ], [ 600, 157.00999999999999,  165.316 ], [ 700, 164.02000000000001,  167.79599999999999 ], [ 800, 169.999,  169.857 ], [ 900, 175.16200000000001,  171.595 ], [ 1000, 179.67699999999999,  173.08799999999999 ], [ 2000, 202.05699999999999,  179.34100000000001 ], [ 3000, 214.012,  182.249 ], [ 4000, 221.00299999999999,  183.48400000000001 ], [ 5000, 225.393,  183.88499999999999 ], [ 6000, 228.25200000000001,  183.83000000000001 ], [ 7000, 230.15799999999999,  183.52000000000001 ], [ 8000, 231.42699999999999,  183.06100000000001 ], [ 9000, 232.273,  182.523 ], [ 10000, 232.804,  181.935 ], [ 11611, 233.00700000000001,  180.864 ], [ 13481, 232.952,  179.68700000000001 ], [ 15653, 232.61600000000001,  178.40199999999999 ], [ 18174, 232.018,  177.02500000000001 ], [ 21101, 231.18899999999999,  175.57599999999999 ], [ 24501, 230.154,  174.06899999999999 ], [ 28447, 228.94300000000001,  172.52099999999999 ], [ 33029, 227.58500000000001,  170.95099999999999 ], [ 38350, 226.102,  169.36600000000001 ], [ 44527, 224.52000000000001,  167.78 ], [ 51700, 222.85400000000001,  166.202 ], [ 60028, 221.12200000000001,  164.637 ], [ 69697, 219.34,  163.09100000000001 ], [ 80924, 217.52000000000001,  161.56999999999999 ], [ 93959, 215.672,  160.07900000000001 ], [ 109094, 213.803,  158.61500000000001 ], [ 126667, 211.92500000000001,  157.18600000000001 ], [ 147071, 210.04499999999999,  155.791 ], [ 170762, 208.16900000000001,  154.43100000000001 ], [ 198268, 206.30099999999999,  153.108 ], [ 230206, 204.446,  151.81800000000001 ], [ 267287, 202.60599999999999,  150.56700000000001 ], [ 310342, 200.785,  149.34899999999999 ], [ 360333, 198.98599999999999,  148.167 ], [ 418376, 197.208,  147.018 ], [ 485768, 195.453,  145.904 ], [ 564016, 193.72399999999999,  144.81999999999999 ], [ 654869, 192.02099999999999,  143.77099999999999 ], [ 760356, 190.345,  142.75 ], [ 882835, 188.69499999999999,  141.75999999999999 ], [ 1025040, 187.07300000000001,  140.798 ], [ 1190160, 185.47900000000001,  139.86500000000001 ], [ 1381870, 183.91200000000001,  138.958 ], [ 1604460, 182.374,  138.077 ], [ 1862920, 180.86099999999999,  137.22300000000001 ], [ 2163000, 179.36799999999999,  136.386 ], [ 2511410, 177.898,  135.571 ], [ 2915960, 176.46000000000001,  134.78399999999999 ], [ 3385660, 175.04599999999999,  134.01599999999999 ], [ 3931030, 173.66300000000001,  133.273 ], [ 4564240, 172.30199999999999,  132.54900000000001 ], [ 5299460, 170.97999999999999,  131.84999999999999 ], [ 6153100, 169.667,  131.16399999999999 ], [ 7144250, 168.393,  130.50399999999999 ], [ 8295060, 167.12100000000001,  129.84899999999999 ], [ 9631240, 165.89500000000001,  129.22399999999999 ], [ 11182700, 164.69,  128.614 ], [ 12984000, 163.505,  128.01900000000001 ], [ 15075400, 162.38999999999999,  127.46299999999999 ], [ 17503800, 161.24000000000001,  126.89400000000001 ], [ 20323400, 160.11099999999999,  126.339 ], [ 23597100, 159.00299999999999,  125.798 ], [ 27398100, 157.916,  125.27 ], [ 31811400, 156.84800000000001,  124.75700000000001 ], [ 36935700, 155.80000000000001,  124.256 ], [ 42885300, 154.77000000000001,  123.765 ], [ 49793400, 153.75800000000001,  123.28700000000001 ], [ 57814100, 152.76499999999999,  122.821 ], [ 67126900, 151.78800000000001,  122.366 ], [ 77939800, 150.82900000000001,  121.92100000000001 ], [ 90494500, 149.886,  121.485 ], [ 105071000, 148.959,  121.06 ], [ 121997000, 148.048,  120.646 ], [ 141648000, 147.15100000000001,  120.239 ], [ 164465000, 146.26900000000001,  119.84 ], [ 190957000, 145.40000000000001,  119.45 ], [ 221716000, 144.54499999999999,  119.068 ], [ 257431000, 143.702,  118.69499999999999 ], [ 298898000, 142.87100000000001,  118.328 ], [ 347045000, 142.053,  117.967 ], [ 402948000, 141.233,  117.608 ], [ 467855000, 140.435,  117.26000000000001 ], [ 543218000, 139.64599999999999,  116.919 ], [ 630720000, 138.869,  116.584 ] ],
	"specified_pump_work_amount" : 0,
	"nameplate" : 30000,
	"analysis_type" : 0,
	"num_wells" : 3,
	"num_wells_getem" : 4.0745051952424838,
	"conversion_type" : 0,
	"plant_efficiency_input" : 80,
	"conversion_subtype" : 0,
	"decline_type" : 0,
	"temp_decline_rate" : 0.5,
	"temp_decline_max" : 30,
	"dt_prod_well" : 0,
	"prod_well_choice" : 0,
	"wet_bulb_temp" : 10,
	"use_weather_file_conditions" : 0,
	"ambient_pressure" : 14.699999999999999,
	"well_flow_rate" : 110,
	"pump_efficiency" : 67.5,
	"delta_pressure_equip" : 40,
	"excess_pressure_pump" : 50,
	"geotherm_cost_inj_cost_curve_welltype" : 0,
	"geotherm_cost_prod_cost_curve_welltype" : 0,
	"geotherm_cost_inj_cost_curve_welldiam" : 0,
	"geotherm_cost_prod_cost_curve_welldiam" : 0,
	"design_temp" : 200,
	"specify_pump_work" : 0,
	"rock_thermal_conductivity" : 3,
	"rock_specific_heat" : 950,
	"rock_density" : 2600,
	"reservoir_pressure_change_type" : 0,
	"reservoir_pressure_change" : 2500,
	"injectivity_index" : 3000,
	"exploration_wells_production" : 2,
	"reservoir_width" : 500,
	"reservoir_height" : 100,
	"reservoir_permeability" : 0.050000000000000003,
	"inj_prod_well_distance" : 1500,
	"subsurface_water_loss" : 2,
	"fracture_aperature" : 0.00040000000000000002,
	"fracture_length" : 1000,
	"fracture_spacing" : 50,
	"fracture_width" : 175,
	"num_fractures" : 6,
	"fracture_angle" : 15,
	"T_htf_cold_ref" : 90,
	"T_htf_hot_ref" : 200,
	"HTF" : 3,
	"P_boil" : 2,
	"eta_ref" : 0.17000000000000001,
	"q_sby_frac" : 0.20000000000000001,
	"startup_frac" : 0.20000000000000001,
	"startup_time" : 1,
	"pb_bd_frac" : 0.012999999999999999,
	"T_amb_des" : 15,
	"CT" : 3,
	"dT_cw_ref" : 10,
	"T_approach" : 5,
	"T_ITD_des" : 16,
	"P_cond_ratio" : 1.0027999999999999,
	"P_cond_min" : 1.25,
	"hr_pl_nlev" : 8,
	"hc_ctl1" : 0,
	"hc_ctl2" : 0,
	"hc_ctl3" : 0,
	"hc_ctl4" : 0,
	"hc_ctl5" : 0,
	"hc_ctl6" : 0,
	"hc_ctl7" : 0,
	"hc_ctl8" : 0,
	"hc_ctl9" : 0,
	"hybrid_dispatch_schedule" : "111111111111111111111111111111111111111111111111111111111111111111111111111111111111111111111111111111111111111111111111111111111111111111111111111111111111111111111111111111111111111111111111111111111111111111111111111111111111111111111111111111111111111111111111111111111111111111111111",
	"allow_reservoir_replacements" : 0,
	"adjust_constant" : 5,
	"adjust_en_timeindex" : 0,
	"adjust_en_periods" : 0,
	"adjust_timeindex" : [ 0, 0, 0, 0, 0, 0, 0 ],
	"adjust_periods" : [ [ 0,  0,  0 ] ]
}
