{
	"ui_calculations_only" : 0,
	"system_use_lifetime_output" : 0,
	"file_name" : "./USA AZ Phoenix Sky Harbor Intl Ap (TMY3).csv",
	"resource_potential" : 210,
	"resource_type" : 0,
	"resource_temp" : 200,
	"resource_depth" : 2000,
	"geothermal_analysis_period" : 30,
	"model_choice" : 0,
	"specified_pump_work_amount" : 0,
	"nameplate" : 30000,
	"analysis_type" : 0,
	"num_wells" : 3,
	"num_wells_getem" : 4.2419632544315728,
	"conversion_type" : 0,
	"plant_efficiency_input" : 80,
	"conversion_subtype" : 0,
	"decline_type" : 0,
	"temp_decline_rate" : 0.5,
	"temp_decline_max" : 30,
	"dt_prod_well" : 0,
    "prod_well_choice" : 0,
	"wet_bulb_temp" : 15,
	"ambient_pressure" : 14.699999999999999,
	"well_flow_rate" : 110,
	"pump_efficiency" : 67.5,
	"delta_pressure_equip" : 40,
	"excess_pressure_pump" : 50,
	"well_diameter" : 12.25,
	"casing_size" : 9.625,
    "inj_casing_size" : 11.5,
	"inj_well_diam" : 12.25,
	"design_temp" : 200,
	"specify_pump_work" : 0,
	"rock_thermal_conductivity" : 259200,
	"rock_specific_heat" : 950,
	"rock_density" : 2600,
	"reservoir_pressure_change_type" : 0,
	"reservoir_pressure_change" : 0.40000000000000002,
	"reservoir_width" : 500,
	"reservoir_height" : 100,
	"reservoir_permeability" : 0.050000000000000003,
	"inj_prod_well_distance" : 1500,
	"subsurface_water_loss" : 2,
	"fracture_aperature" : 0.00040000000000000002,
    "fracture_length" : 1000,
    "fracture_spacing" : 50,
	"fracture_width" : 175,
	"num_fractures" : 6,
	"fracture_angle" : 15,
	"T_htf_cold_ref" : 90,
	"T_htf_hot_ref" : 200,
	"HTF" : 3,
	"P_boil" : 2,
	"eta_ref" : 0.17000000000000001,
	"q_sby_frac" : 0.20000000000000001,
	"startup_frac" : 0.20000000000000001,
	"startup_time" : 1,
	"pb_bd_frac" : 0.012999999999999999,
	"T_amb_des" : 15,
	"CT" : 3,
	"dT_cw_ref" : 10,
	"T_approach" : 5,
	"T_ITD_des" : 16,
	"P_cond_ratio" : 1.0027999999999999,
	"P_cond_min" : 1.25,
	"hr_pl_nlev" : 8,
	"hc_ctl1" : 0,
	"hc_ctl2" : 0,
	"hc_ctl3" : 0,
	"hc_ctl4" : 0,
	"hc_ctl5" : 0,
	"hc_ctl6" : 0,
	"hc_ctl7" : 0,
	"hc_ctl8" : 0,
	"hc_ctl9" : 0,
	"hybrid_dispatch_schedule" : "111111111111111111111111111111111111111111111111111111111111111111111111111111111111111111111111111111111111111111111111111111111111111111111111111111111111111111111111111111111111111111111111111111111111111111111111111111111111111111111111111111111111111111111111111111111111111111111111",
    "geotherm.cost.inj_cost_curve_welltype" : 0,
    "geotherm.cost.prod_cost_curve_welltype" : 0,
    "geotherm.cost.inj_prod_well_ratio" : 0.5
}
