{
  "adjust:constant": 0,
  "array_type": 0,
  "azimuth": 90,
  "dc_ac_ratio": 1.2000000476837158,
  "gcr": 0.4000000059604645,
  "inv_eff": 96,
  "losses": 14.075660705566406,
  "module_type": 0,
  "system_capacity": 4,
  "tilt": 15
}
